beta_x/theta_E,beta_y/theta_E,theta1_x/theta_E,theta1_y/theta_E,theta2_x/theta_E,theta2_y/theta_E
0.80629741,0.3450871,1.40699738,0.60218059,-0.60069997,-0.25709349
0.84965386,0.3644422,1.43729223,0.61649805,-0.58763837,-0.25205585
0.87807643,0.40166933,1.44884563,0.66276333,-0.57076921,-0.261094
0.76108921,0.49406949,1.30159886,0.84494731,-0.54050964,-0.35087782
0.8811305,0.34180845,1.47172891,0.5709136,-0.59059841,-0.22910515
0.79877666,0.50239248,1.33536827,0.83988305,-0.5365916,-0.33749056
0.7952812,0.46417516,1.34843963,0.78703253,-0.55315843,-0.32285737
0.77390978,0.34542802,1.37872551,0.61538236,-0.60481572,-0.26995433
0.7917011,0.28266072,1.41743711,0.506067,-0.62573602,-0.22340628
0.83475383,0.31674649,1.44126337,0.54688592,-0.60650954,-0.23013943
0.78819707,0.42871808,1.35691053,0.7380541,-0.56871346,-0.30933602
0.75435616,0.49207317,1.29574664,0.84522695,-0.54139048,-0.35315378
0.72150248,0.36566176,1.32292581,0.67046669,-0.60142333,-0.30480493
0.82804479,0.4499054,1.38535582,0.75271178,-0.55731103,-0.30280637
0.7566752,0.4551349,1.31506853,0.79100462,-0.55839333,-0.33586973
0.79753927,0.31417083,1.41103707,0.55584309,-0.61349781,-0.24167226
0.81248143,0.28304435,1.43425061,0.49965024,-0.62176918,-0.21660588
0.84116302,0.48454579,1.38377314,0.79711237,-0.54261012,-0.31256658
0.73286681,0.32045313,1.35322913,0.59171259,-0.62036232,-0.27125945
0.85021747,0.29780457,1.46021101,0.51146622,-0.60999354,-0.21366165
0.8670649,0.37761719,1.44769176,0.63048718,-0.58062686,-0.25286998
0.85025835,0.48310513,1.3929549,0.79145786,-0.54269654,-0.30835273
0.72477156,0.39235425,1.31353436,0.71108031,-0.5887628,-0.31872606
0.82317051,0.36408462,1.41447351,0.62561528,-0.591303,-0.26153066
0.86254512,0.34822408,1.45394092,0.58698059,-0.59139581,-0.23875651
0.81254552,0.44237403,1.37396182,0.74802582,-0.5614163,-0.30565179
0.77545542,0.4474461,1.33670259,0.77129174,-0.56124716,-0.32384564
0.84545481,0.44918328,1.40179062,0.74475997,-0.5563358,-0.2955767
0.87166105,0.35696837,1.45873021,0.5973888,-0.58706916,-0.24042043
0.85900574,0.3456718,1.45180783,0.5842208,-0.59280209,-0.238549
0.86759789,0.32260565,1.46661687,0.54534352,-0.59901898,-0.22273787
0.87875017,0.41985835,1.44296598,0.68943521,-0.56421581,-0.26957687
0.71980213,0.42855081,1.29147255,0.76890798,-0.57167042,-0.34035717
0.79964531,0.42629479,1.36861189,0.72961364,-0.56896658,-0.30331885
0.73477111,0.45991354,1.29122197,0.80821151,-0.55645086,-0.34829797
0.77993751,0.50933347,1.31360755,0.85784345,-0.53367004,-0.34850998
0.81566605,0.47821966,1.3620444,0.79855771,-0.54637835,-0.32033805
0.79407341,0.49242668,1.33506138,0.82790816,-0.54098798,-0.33548147
0.71876728,0.42078073,1.29421807,0.75766112,-0.5754508,-0.3368804
0.77646421,0.38181887,1.36598525,0.6717102,-0.58952103,-0.28989134
0.83790817,0.37529185,1.42316261,0.63742227,-0.58525444,-0.26213042
0.74348506,0.45625205,1.30159567,0.79874596,-0.55811062,-0.34249392
0.70479218,0.41137769,1.28517024,0.75013654,-0.58037806,-0.33875885
0.77828634,0.4778956,1.32596109,0.81418744,-0.54767475,-0.33629185
0.78872693,0.281772,1.41531433,0.50561979,-0.6265874,-0.22384779
0.85762901,0.46193346,1.40810542,0.75842935,-0.55047641,-0.29649589
0.73912969,0.50256926,1.27533475,0.86716045,-0.53620506,-0.36459119
0.83732175,0.28955133,1.45232779,0.50222444,-0.61500604,-0.21267311
0.82230444,0.46327044,1.3745412,0.77438997,-0.55223675,-0.31111952
0.74262029,0.33442383,1.3558237,0.61056742,-0.61320341,-0.27614359
0.76492092,0.49736666,1.30393892,0.84784679,-0.539018,-0.35048013
0.90750204,0.43898018,1.46185334,0.707133,-0.55435129,-0.26815282
0.73373327,0.30408226,1.36085501,0.56398134,-0.62712174,-0.25989908
0.89037751,0.33848097,1.48052625,0.56282864,-0.59014874,-0.22434767
0.77565334,0.34437768,1.3806743,0.61299731,-0.60502096,-0.26861963
0.82197564,0.38574626,1.40518374,0.65944092,-0.5832081,-0.27369466
0.74990071,0.44971792,1.31093881,0.78617432,-0.5610381,-0.3364564
0.77786109,0.45253378,1.33676934,0.77768806,-0.55890824,-0.32515428
0.73067598,0.45822281,1.28794396,0.80769769,-0.55726799,-0.34947488
0.78255754,0.30205889,1.40292611,0.54151457,-0.62036857,-0.23945567
0.86522008,0.38443271,1.44368939,0.64145694,-0.57846932,-0.25702423
0.72735154,0.33216796,1.34331472,0.61346692,-0.61596317,-0.28129896
0.75227853,0.48489313,1.29698791,0.83599425,-0.54470938,-0.35110112
0.85267197,0.30898515,1.45865872,0.52857828,-0.60598674,-0.21959313
0.74270953,0.45211487,1.30276909,0.79304393,-0.56005956,-0.34092906
0.72817946,0.30640579,1.35511783,0.57021101,-0.62693837,-0.26380522
0.89232102,0.37607851,1.46998804,0.61954262,-0.57766702,-0.24346412
0.81030876,0.35120774,1.40815106,0.61032729,-0.5978423,-0.25911955
0.76881293,0.48452802,1.31364888,0.82789932,-0.54483595,-0.34337129
0.73439877,0.4791295,1.28168011,0.8361816,-0.54728133,-0.35705211
0.70706104,0.33991821,1.3216489,0.63538013,-0.61458786,-0.29546192
0.72278299,0.4904493,1.26434736,0.85793147,-0.54156437,-0.36748217
0.75129959,0.45926598,1.30789615,0.79951089,-0.55659655,-0.34024491
0.77655175,0.42591264,1.34718498,0.73888587,-0.57063322,-0.31297322
0.72530628,0.36305783,1.32761955,0.66455052,-0.60231327,-0.3014927
0.78027407,0.30716273,1.39911255,0.55077471,-0.61883848,-0.24361198
0.82418372,0.44360413,1.38430376,0.74508007,-0.56012004,-0.30147594
0.81771209,0.35888015,1.41167923,0.61956239,-0.59396715,-0.26068224
0.78901621,0.30372782,1.40771007,0.54189091,-0.61869386,-0.23816309
0.85677817,0.32808026,1.45583153,0.55747171,-0.59905335,-0.22939144
0.90107168,0.43561872,1.45728296,0.70451636,-0.55621128,-0.26889764
0.78576875,0.34950715,1.38746542,0.6171397,-0.60169667,-0.26763255
0.70234725,0.39521546,1.29076539,0.72632225,-0.58841814,-0.33110679
0.9068305,0.35561854,1.48893314,0.58389327,-0.58210264,-0.22827473
0.91049746,0.38053161,1.48410862,0.62026559,-0.57361116,-0.23973398
0.74908102,0.41399994,1.32653779,0.73314707,-0.57745676,-0.31914713
0.85355562,0.36176252,1.44159866,0.61099283,-0.58804304,-0.24923031
0.83497073,0.35111978,1.42942947,0.60110006,-0.59445874,-0.24998028
0.75553223,0.40798905,1.33533561,0.72108413,-0.57980338,-0.31309509
0.84680896,0.47129111,1.39437172,0.77603689,-0.54756276,-0.30474579
0.84892391,0.33636541,1.44645809,0.57312377,-0.59753418,-0.23675836
0.75376561,0.49664144,1.29303273,0.851954,-0.53926712,-0.35531257
0.77755353,0.48187859,1.32347041,0.8202034,-0.54591688,-0.33832481
0.87692577,0.40746491,1.44577865,0.67178327,-0.56885288,-0.26431836
0.76360821,0.50529657,1.2989979,0.85957585,-0.53538969,-0.35427929
0.87370058,0.36497539,1.45776284,0.60895869,-0.58406226,-0.2439833
0.82826341,0.36280707,1.41937816,0.62173509,-0.59111475,-0.25892802
0.74321109,0.35207685,1.34874815,0.63893423,-0.60553707,-0.28685738
0.76192325,0.32757299,1.3755109,0.59137218,-0.61358765,-0.26379919
0.86492177,0.41460194,1.43254944,0.68669537,-0.56762767,-0.27209343
0.76285468,0.45691065,1.32029004,0.79078572,-0.55743537,-0.33387507
0.84130718,0.47667315,1.38705941,0.7858889,-0.54575223,-0.30921576
0.82078395,0.51740434,1.35063035,0.85140799,-0.5298464,-0.33400364
0.79852801,0.41097005,1.37394552,0.70711416,-0.57541751,-0.29614411
0.81490121,0.33332652,1.41872911,0.58031579,-0.6038279,-0.24698927
0.8041839,0.29907328,1.42198189,0.52883027,-0.61779799,-0.22975699
0.75686534,0.34325188,1.36464759,0.61889194,-0.60778226,-0.27564006
0.77063373,0.49845091,1.30917258,0.84678133,-0.53853885,-0.34833043
0.77677146,0.39374114,1.36122957,0.68999972,-0.58445811,-0.29625858
0.82879821,0.48956587,1.36994134,0.8092157,-0.54114313,-0.31964983
0.82212444,0.4588043,1.37619976,0.768018,-0.55407532,-0.3092137
0.82349039,0.28416204,1.44282739,0.49787681,-0.61933699,-0.21371477
0.8524279,0.4642941,1.40236232,0.76382829,-0.54993442,-0.2995342
0.74611056,0.48858826,1.28904994,0.84413048,-0.54293938,-0.35554222
0.71249198,0.35256812,1.32072065,0.65354279,-0.60822868,-0.30097467
0.89812185,0.46863106,1.44286955,0.75287499,-0.54474769,-0.28424393
0.74040409,0.34409256,1.34970789,0.62725807,-0.6093038,-0.28316551
0.89153156,0.41764634,1.45509532,0.68165308,-0.56356376,-0.26400674
0.73413844,0.41744561,1.31068468,0.74528119,-0.57654623,-0.32783557
0.83575986,0.42545538,1.40216268,0.71379075,-0.56640281,-0.28833537
0.74991982,0.39905327,1.33408498,0.70990386,-0.58416516,-0.31085059
0.90560776,0.45088392,1.45599261,0.72490948,-0.55038485,-0.27402556
0.81011705,0.47125947,1.35964519,0.79092974,-0.54952813,-0.31967027
0.7429658,0.34597052,1.35117667,0.62919086,-0.60821088,-0.28322035
0.75901125,0.43776513,1.32523803,0.76434045,-0.56622679,-0.32657532
0.82066592,0.46234379,1.37337403,0.77372647,-0.55270811,-0.31138269
0.76295526,0.28614808,1.39252036,0.52226788,-0.6295651,-0.2361198
0.81733036,0.50054372,1.35431506,0.82940012,-0.5369847,-0.3288564
0.84560658,0.4497537,1.40170808,0.74552801,-0.5561015,-0.29577431
0.88127518,0.3698287,1.46260815,0.61378612,-0.58133296,-0.24395741
0.90088447,0.3905467,1.4725455,0.63837018,-0.57166103,-0.24782348
0.88781104,0.38949826,1.4615722,0.64121733,-0.57376116,-0.25171907
0.78843735,0.3033953,1.40734808,0.54155577,-0.61891073,-0.23816047
0.82143971,0.3834078,1.4056096,0.65606968,-0.58416989,-0.27266188
0.8208042,0.51744469,1.35063336,0.85145527,-0.52982916,-0.33401058
0.85551635,0.46752181,1.4039824,0.76724704,-0.54846606,-0.29972524
0.84343734,0.44507571,1.40153394,0.73957921,-0.55809661,-0.2945035
0.75174447,0.39884604,1.33588201,0.70876643,-0.58413754,-0.30992039
0.81810587,0.51717577,1.34809457,0.85221471,-0.5299887,-0.33503893
0.87917358,0.46464583,1.42695939,0.75415224,-0.5477858,-0.28950641
0.77605573,0.40593999,1.35536082,0.70896346,-0.57930509,-0.30302347
0.8368363,0.28624123,1.45298542,0.49699605,-0.61614912,-0.21075482
0.71337685,0.38661018,1.30547792,0.7074957,-0.59210107,-0.32088552
0.87711393,0.43060527,1.43761818,0.705776,-0.56050425,-0.27517073
0.70247591,0.3659253,1.30514392,0.67985986,-0.60266801,-0.31393457
0.88327303,0.45967661,1.43255686,0.74553717,-0.54928383,-0.28586057
0.80315771,0.47155141,1.35285128,0.79428849,-0.54969357,-0.32273708
0.9001468,0.46422801,1.44630275,0.74589417,-0.54615595,-0.28166616
0.84679436,0.3164903,1.45135479,0.54244542,-0.60456043,-0.22595511
0.85719061,0.42111443,1.42321543,0.69918702,-0.56602482,-0.27807259
0.79048788,0.47929141,1.33726869,0.81081748,-0.54678081,-0.33152608
0.72451242,0.38277296,1.31777549,0.69620453,-0.59326307,-0.31343157
0.90737779,0.34729582,1.49198424,0.57105199,-0.58460644,-0.22375617
0.73892034,0.32103073,1.358256,0.59010679,-0.61933567,-0.26907607
0.87553553,0.38457667,1.45261109,0.63805559,-0.57707556,-0.25347892
0.83761191,0.476562,1.38361277,0.78721095,-0.54600085,-0.31064895
0.85160267,0.31222764,1.45672973,0.5340886,-0.60512706,-0.22186097
0.88727833,0.46450186,1.43444914,0.75095297,-0.54717081,-0.28645111
0.69677772,0.4282536,1.26881904,0.7798417,-0.57204133,-0.35158811
0.74244036,0.47151603,1.29338656,0.82141613,-0.5509462,-0.34990011
0.84090938,0.37999751,1.42405152,0.6435129,-0.58314214,-0.26351539
0.9047399,0.45275326,1.45455127,0.72789189,-0.54981137,-0.27513863
0.88228636,0.46908891,1.42817232,0.7593224,-0.54588596,-0.29023349
0.80523719,0.48122341,1.35074418,0.80722764,-0.54550698,-0.32600423
0.85807525,0.46260897,1.40825867,0.75922607,-0.55018342,-0.29661709
0.79095083,0.30176133,1.41003929,0.53795422,-0.61908845,-0.23619288
0.84908336,0.38302653,1.43010017,0.64512665,-0.5810168,-0.26210012
0.87347473,0.35531161,1.46082857,0.5942351,-0.58735384,-0.2389235
0.70943616,0.37967486,1.30507513,0.69844793,-0.59563897,-0.31877307
0.91625999,0.41783645,1.47681866,0.6734646,-0.56055866,-0.25562815
0.72815576,0.39014944,1.3177555,0.70605989,-0.58959974,-0.31591045
0.75766413,0.41599415,1.33375883,0.73229794,-0.5760947,-0.31630378
0.89274277,0.47391694,1.43601579,0.76231613,-0.54327303,-0.28839919
0.77345131,0.50431106,1.30935377,0.85373388,-0.53590246,-0.34942282
0.73575186,0.44314426,1.30014947,0.78308166,-0.56439762,-0.33993739
0.82717328,0.39796639,1.40509547,0.67601406,-0.57792219,-0.27804768
0.71306385,0.46228337,1.26822895,0.82220008,-0.5551651,-0.35991671
0.7939057,0.31688959,1.40697466,0.56159771,-0.61306895,-0.24470812
0.74831556,0.34965257,1.35435824,0.63282774,-0.60604268,-0.28317517
0.83295704,0.37319852,1.41961056,0.63604307,-0.58665352,-0.26284456
0.72006161,0.40212273,1.30443063,0.72846711,-0.58436902,-0.32634439
0.8280066,0.34787846,1.42462931,0.59854336,-0.59662271,-0.2506649
0.8371598,0.30855804,1.44600761,0.53296548,-0.60884782,-0.22440744
0.70760858,0.34630117,1.31917913,0.64560167,-0.61157055,-0.2993005
0.71071846,0.32873188,1.3300619,0.61519966,-0.61934345,-0.28646778
0.87386245,0.36947545,1.45636914,0.61576355,-0.58250669,-0.2462881
0.8588511,0.38451614,1.43810355,0.6438532,-0.57925245,-0.25933706
0.71903368,0.45972579,1.27553094,0.8155313,-0.55649726,-0.35580551
0.73323149,0.31065104,1.35768803,0.57521698,-0.62445655,-0.26456594
0.82193151,0.28753954,1.44045771,0.50392101,-0.6185262,-0.21638146
0.7866541,0.37713446,1.37710566,0.6602063,-0.59045156,-0.28307184
0.79521796,0.32187863,1.40623169,0.56919731,-0.61101373,-0.24731868
0.89417634,0.36460564,1.47535176,0.60158332,-0.58117542,-0.23697768
0.74041459,0.36063691,1.34247432,0.65388473,-0.60205973,-0.29324782
0.89350427,0.47327068,1.43695199,0.76112367,-0.54344772,-0.28785299
0.78241702,0.51841259,1.31205934,0.86934214,-0.52964232,-0.35092955
0.83452876,0.4720046,1.38253356,0.78195291,-0.54800479,-0.30994831
0.78661529,0.47813425,1.33400012,0.81085526,-0.54738482,-0.33272101
0.73749177,0.4473902,1.29985426,0.7885404,-0.56236249,-0.3411502
0.80617924,0.3923344,1.38848051,0.67571658,-0.58230127,-0.28338217
1.22885248,-0.28455424,1.76621961,-0.40898749,-0.53736713,0.12443324
1.27592623,-0.28095904,1.80447554,-0.39734564,-0.52854931,0.11638659
1.39489265,-0.28829801,1.89972095,-0.3926365,-0.5048283,0.10433849
1.2463965,-0.35703125,1.76886151,-0.50669177,-0.52246501,0.14966051
1.26458304,-0.26139174,1.79797482,-0.37164484,-0.53339179,0.1102531
1.30694176,-0.26109445,1.83187903,-0.36596386,-0.52493727,0.10486941
1.34186427,-0.31118947,1.85377333,-0.42990543,-0.51190906,0.11871596
1.22231026,-0.2811966,1.76147954,-0.40523432,-0.53916928,0.12403771
1.26375544,-0.28895732,1.79359465,-0.4101049,-0.52983921,0.12114758
1.21196775,-0.25397229,1.75713587,-0.36821427,-0.54516813,0.11424198
1.27293337,-0.31219421,1.7976524,-0.44088456,-0.52471903,0.12869035
1.30967938,-0.26886968,1.8331324,-0.37633159,-0.52345302,0.10746191
1.36160178,-0.35688066,1.86368197,-0.48847766,-0.50208019,0.131597
1.30844833,-0.37068103,1.81771639,-0.51495575,-0.50926806,0.14427472
1.38547686,-0.34266117,1.88531695,-0.46628343,-0.49984009,0.12362227
1.27879076,-0.26388748,1.80900322,-0.37330056,-0.53021246,0.10941308
1.38952503,-0.2862045,1.8955942,-0.39044104,-0.50606917,0.10423654
1.37202492,-0.32493194,1.87660263,-0.44442934,-0.50457771,0.1194974
1.32674991,-0.32297051,1.83986266,-0.44787746,-0.51311275,0.12490695
1.32485636,-0.33524028,1.83658122,-0.46472661,-0.51172486,0.12948633
1.31777253,-0.27906281,1.83838193,-0.38931152,-0.5206094,0.11024871
1.3266426,-0.25565892,1.84830541,-0.35618919,-0.52166281,0.10053028
1.29695543,-0.30094258,1.81870532,-0.42200823,-0.52174989,0.12106565
1.33336463,-0.34475549,1.84218266,-0.47631577,-0.50881804,0.13156027
1.25391448,-0.26475476,1.78902301,-0.37773896,-0.53510853,0.1129842
1.32000058,-0.39345121,1.82361734,-0.54356374,-0.50361677,0.15011253
1.24301511,-0.34142073,1.7687302,-0.48581964,-0.5257151,0.14439891
1.26405222,-0.33099055,1.78757433,-0.46807419,-0.52352211,0.13708364
1.21902342,-0.24244315,1.76426496,-0.35088248,-0.54524154,0.10843933
1.30094165,-0.34430652,1.81565439,-0.48053012,-0.51471275,0.1362236
1.33676068,-0.28569632,1.8528845,-0.39600379,-0.51612382,0.11030746
1.24949809,-0.24644826,1.78787645,-0.35263682,-0.53837836,0.10618857
1.21280014,-0.29871506,1.75118218,-0.43131962,-0.53838205,0.13260456
1.346123,-0.23578516,1.86605961,-0.32685658,-0.51993661,0.09107142
1.23626918,-0.29229097,1.77102251,-0.41872263,-0.53475334,0.12643166
1.37322801,-0.32897796,1.87706023,-0.44967874,-0.50383222,0.12070078
1.21216971,-0.29203805,1.75171995,-0.42202743,-0.53955024,0.12998939
1.37611992,-0.30993722,1.88185599,-0.42384185,-0.50573607,0.11390463
1.34709403,-0.29896026,1.85960128,-0.41270087,-0.51250726,0.11374061
1.36039813,-0.24994315,1.87603227,-0.34467955,-0.51563415,0.0947364
1.26128954,-0.33302759,1.785002,-0.47130725,-0.52371246,0.13827967
1.30008073,-0.28683844,1.8231277,-0.40223895,-0.52304697,0.11540051
1.33360641,-0.38135096,1.83686191,-0.52525922,-0.5032555,0.14390825
1.33806073,-0.22999562,1.86020804,-0.31974611,-0.52214731,0.08975048
1.34037275,-0.31046786,1.85265421,-0.42912658,-0.51228145,0.11865873
1.3797292,-0.3226015,1.88321178,-0.44032332,-0.50348259,0.11772182
1.30801221,-0.33234078,1.82322884,-0.46324743,-0.51521664,0.13090665
1.20142421,-0.29458971,1.74270229,-0.42731132,-0.54127808,0.13272161
1.21322918,-0.32843742,1.74665826,-0.47284384,-0.53342908,0.14440641
1.23163482,-0.2684478,1.77075413,-0.38595453,-0.53911931,0.11750674
1.35348828,-0.36316116,1.85607641,-0.49801308,-0.50258813,0.13485192
1.26315183,-0.38754953,1.77737413,-0.54531886,-0.5142223,0.15776933
1.33591762,-0.20820207,1.86062636,-0.28997765,-0.52470874,0.08177558
1.3419689,-0.26156499,1.85994203,-0.36252384,-0.51797314,0.10095885
1.23433444,-0.23556299,1.77723382,-0.33917105,-0.54289938,0.10360806
1.34235872,-0.36646398,1.84639084,-0.50406477,-0.50403212,0.13760079
1.29692121,-0.39576339,1.80401831,-0.55050715,-0.5070971,0.15474376
1.2298545,-0.29881549,1.7648806,-0.4288098,-0.53502609,0.12999431
1.25784617,-0.29713621,1.78766844,-0.42229411,-0.52982227,0.1251579
1.32670381,-0.37566546,1.8320303,-0.51875218,-0.50532649,0.14308673
1.22559069,-0.29372627,1.76223025,-0.42233783,-0.53663956,0.12861156
1.33768487,-0.31796162,1.84946622,-0.43960972,-0.51178135,0.1216481
1.30697044,-0.3233969,1.82367698,-0.45125082,-0.51670654,0.12785392
1.28272372,-0.20236471,1.81909726,-0.28698392,-0.53637354,0.08461922
1.2195955,-0.2407996,1.76493089,-0.34847181,-0.54533539,0.10767221
1.29063431,-0.22092058,1.82343786,-0.31212169,-0.53280355,0.0912011
1.29679838,-0.31036105,1.8172646,-0.43492355,-0.52046622,0.1245625
1.34851701,-0.32644134,1.85716527,-0.44957202,-0.50864826,0.12313068
1.2246965,-0.33752588,1.75444157,-0.48352342,-0.52974507,0.14599754
1.23011369,-0.35512955,1.75582909,-0.50690175,-0.5257154,0.15177221
1.22301608,-0.23636329,1.76820008,-0.34172698,-0.545184,0.10536369
1.35321598,-0.30718127,1.86353432,-0.423024,-0.51031834,0.11584273
1.29719128,-0.33883151,1.813416,-0.47367145,-0.51622472,0.13483994
1.3695403,-0.34768325,1.8715149,-0.47511883,-0.50197461,0.12743558
1.29621288,-0.3405252,1.81235822,-0.47612059,-0.51614534,0.13559539
1.29933653,-0.28983381,1.82213157,-0.40645,-0.52279504,0.11661619
1.23580067,-0.30020508,1.76945464,-0.4298422,-0.53365397,0.12963712
1.26548448,-0.26675408,1.79799748,-0.37900359,-0.532513,0.11224951
1.34507729,-0.34278279,1.85208269,-0.47198929,-0.5070054,0.1292065
1.2173803,-0.27430402,1.75855374,-0.39624295,-0.54117343,0.12193893
1.25421135,-0.21482343,1.79533521,-0.30750804,-0.54112387,0.09268461
1.25534393,-0.3855612,1.7712502,-0.54401454,-0.51590627,0.15845334
1.35967624,-0.28394228,1.8716401,-0.3908561,-0.51196386,0.10691382
1.33730841,-0.24091598,1.85847125,-0.33480342,-0.52116285,0.09388744
1.34107894,-0.33987774,1.84921239,-0.46865707,-0.50813344,0.12877933
1.35949592,-0.21986639,1.87831733,-0.30377352,-0.51882141,0.08390712
1.36858231,-0.31751024,1.87474472,-0.4349396,-0.50616242,0.11742936
1.24033831,-0.24906597,1.78027694,-0.35748828,-0.53993863,0.10842231
1.20714438,-0.30965805,1.74486926,-0.44759585,-0.53772488,0.1379378
1.33655974,-0.27295486,1.85426519,-0.37868169,-0.51770545,0.10572683
1.34446313,-0.21869848,1.86643303,-0.30360526,-0.5219699,0.08490677
1.3523672,-0.33931246,1.85855428,-0.46631612,-0.50618707,0.12700366
1.36303163,-0.3224629,1.86956518,-0.44229745,-0.50653355,0.11983455
1.31968862,-0.32913998,1.83322969,-0.45722087,-0.51354107,0.12808089
1.22322515,-0.27396177,1.76326564,-0.39491289,-0.54004049,0.12095112
1.27938508,-0.23672646,1.81276682,-0.33541885,-0.53338174,0.09869239
1.29438398,-0.26060945,1.82188322,-0.3668154,-0.52749924,0.10620595
1.30062287,-0.21696235,1.83176451,-0.30556431,-0.53114164,0.08860196
1.37422787,-0.29755779,1.88182778,-0.40746701,-0.50759991,0.10990922
1.33829145,-0.24716224,1.85858782,-0.34325313,-0.52029637,0.09609089
1.27084594,-0.24250018,1.80530762,-0.34448505,-0.53446168,0.10198487
1.25015873,-0.30202641,1.78075103,-0.43021245,-0.53059229,0.12818603
1.27051472,-0.31509804,1.79526075,-0.44523935,-0.52474604,0.13014131
1.22067808,-0.35311711,1.7484485,-0.50579026,-0.52777042,0.15267315
1.23045248,-0.3066637,1.76414797,-0.43967577,-0.53369549,0.13301207
1.2594765,-0.27025083,1.79273216,-0.3846736,-0.53325567,0.11442277
1.38895433,-0.26205689,1.89777471,-0.35805708,-0.50882038,0.09600019
1.29526619,-0.32562709,1.8138169,-0.45598961,-0.51855071,0.13036252
1.326297,-0.29847014,1.84279418,-0.41470277,-0.51649718,0.11623263
1.35739288,-0.27411155,1.87094097,-0.37781731,-0.51354809,0.10370576
1.25735908,-0.28763013,1.78864087,-0.40916474,-0.53128179,0.12153461
1.31165249,-0.24038276,1.83803293,-0.33685098,-0.52638044,0.09646822
1.29426118,-0.36452523,1.80699385,-0.50893503,-0.51273268,0.1444098
1.28281721,-0.2351872,1.81566828,-0.33287824,-0.53285107,0.09769104
1.33047671,-0.36831568,1.83629008,-0.50833993,-0.50581338,0.14002425
1.24697385,-0.2168579,1.78941146,-0.31119178,-0.54243761,0.09433388
1.30439765,-0.26783004,1.82902041,-0.37555006,-0.52462276,0.10772002
1.21701437,-0.30282118,1.75392319,-0.43641644,-0.53690882,0.13359527
1.36747,-0.25189605,1.88151433,-0.34658605,-0.51404433,0.09469
1.22641795,-0.32686946,1.75763095,-0.46845032,-0.531213,0.14158086
1.22475365,-0.26974363,1.76508772,-0.38874852,-0.54033407,0.11900489
1.3703358,-0.32918391,1.87466237,-0.45033391,-0.50432657,0.12115001
1.27662782,-0.31748272,1.79986494,-0.4476058,-0.52323712,0.13012308
1.36910729,-0.24132097,1.88392086,-0.3320628,-0.51481356,0.09074183
1.24155151,-0.33360155,1.76882884,-0.47527955,-0.52727733,0.141678
1.24967841,-0.32625071,1.77662762,-0.46382015,-0.52694921,0.13756944
1.22424424,-0.30837467,1.75886992,-0.44304144,-0.53462569,0.13466677
1.30967439,-0.2166106,1.83897627,-0.30415328,-0.52930188,0.08754268
1.35599446,-0.3204892,1.86407242,-0.44057339,-0.50807796,0.12008419
1.35313061,-0.34273515,1.85870421,-0.47079215,-0.5055736,0.128057
1.33531095,-0.36952483,1.84010167,-0.50921717,-0.50479073,0.13969234
1.33358958,-0.25849623,1.85355671,-0.35928401,-0.51996713,0.10078779
1.27785568,-0.20710903,1.81478187,-0.29413158,-0.53692619,0.08702255
1.25631994,-0.27957259,1.78893585,-0.39809719,-0.53261591,0.11852459
1.34914602,-0.27020451,1.86473446,-0.37346562,-0.51558844,0.10326111
1.23187229,-0.27700894,1.76973225,-0.39795655,-0.53785995,0.12094761
1.2616748,-0.26507083,1.79517503,-0.37715625,-0.53350023,0.11208542
1.35006511,-0.38180099,1.85045361,-0.52331182,-0.5003885,0.14151083
1.33805415,-0.2752479,1.85519718,-0.38162815,-0.51714304,0.10638025
1.34949214,-0.37236502,1.85140735,-0.51085836,-0.50191522,0.13849334
1.28452425,-0.33833177,1.80313533,-0.47492912,-0.51861107,0.13659734
1.23652027,-0.27632477,1.77354459,-0.39633342,-0.53702431,0.12000864
1.31487446,-0.21266504,1.84349432,-0.29816291,-0.52861986,0.08549787
1.30876307,-0.29174555,1.82948817,-0.40782403,-0.5207251,0.11607848
1.35413737,-0.36712859,1.85603047,-0.50319995,-0.50189311,0.13607136
1.28405813,-0.32450527,1.80485698,-0.45612078,-0.52079884,0.13161551
1.21512846,-0.31677324,1.75014861,-0.45624826,-0.53502015,0.13947502
1.29003904,-0.36062282,1.80414388,-0.5043378,-0.51410484,0.14371498
1.29032879,-0.32798781,1.80944368,-0.45994128,-0.51911489,0.13195347
1.21806428,-0.33053802,1.75023007,-0.47494833,-0.53216579,0.1444103
1.33710117,-0.3231476,1.84828572,-0.44668953,-0.51118455,0.12354193
1.28257548,-0.38588419,1.79378202,-0.53968919,-0.51120654,0.153805
1.26408291,-0.28487572,1.79442835,-0.40439521,-0.53034544,0.11951949
1.29319148,-0.21934444,1.82562983,-0.30965388,-0.53243835,0.09030944
1.24659562,-0.31494175,1.77590442,-0.4486671,-0.5293088,0.13372535
1.31162054,-0.39411857,1.81653189,-0.54583542,-0.50491135,0.15171685
1.27125252,-0.2701285,1.80216788,-0.38294272,-0.53091536,0.11281423
1.27248073,-0.29092703,1.8003395,-0.41161129,-0.52785877,0.12068425
1.33775615,-0.23884107,1.85904888,-0.33191192,-0.52129273,0.09307086
1.30551664,-0.24643434,1.83245641,-0.34590152,-0.52693977,0.09946718
1.36226977,-0.31946741,1.86933357,-0.43837951,-0.5070638,0.1189121
1.36265034,-0.30789592,1.87112721,-0.42278816,-0.50847688,0.11489224
1.29076809,-0.260883,1.81895702,-0.36763767,-0.52818893,0.10675466
1.37687497,-0.23685818,1.89060379,-0.32523285,-0.51372882,0.08837467
1.30340181,-0.28469671,1.82608448,-0.39886415,-0.52268267,0.11416743
1.30955838,-0.28451887,1.83107006,-0.39782418,-0.52151167,0.11330531
1.33511419,-0.22489336,1.85837262,-0.31303364,-0.52325842,0.08814028
1.2369036,-0.25669145,1.77655077,-0.36868305,-0.53964717,0.1119916
1.34056045,-0.34911084,1.84746481,-0.48111966,-0.50690436,0.13200882
1.24161532,-0.33045687,1.76939452,-0.47092571,-0.52777919,0.14046884
1.37568428,-0.33224888,1.87864522,-0.45372167,-0.50296094,0.12147279
1.25858654,-0.34957421,1.78011446,-0.49442933,-0.52152791,0.14485512
1.35587852,-0.36767622,1.85739011,-0.5036721,-0.50151159,0.13599588
1.33706252,-0.33389521,1.84676433,-0.46117946,-0.50970181,0.12728425
1.29999353,-0.29300353,1.82223894,-0.41071161,-0.52224541,0.11770808
1.37412886,-0.31831805,1.87917533,-0.43531246,-0.50504647,0.11699442
1.22948824,-0.2912666,1.76573096,-0.41830286,-0.53624272,0.12703626
1.35006702,-0.3371282,1.85697011,-0.46370809,-0.50690309,0.12657989
1.30890838,-0.2418588,1.83567994,-0.33919514,-0.52677156,0.09733633
1.36863096,-0.27135197,1.8803361,-0.37280532,-0.51170514,0.10145335
1.35911977,-0.22721019,1.87731367,-0.313839,-0.5181939,0.08662881
1.31754809,-0.35011631,1.82840072,-0.48586683,-0.51085263,0.13575052
1.33037071,-0.29917796,1.84600439,-0.41513529,-0.51563367,0.11595733
1.27994213,-0.25353387,1.81121304,-0.35876922,-0.53127091,0.10523536
1.3261695,-0.25957709,1.84747617,-0.36161478,-0.52130668,0.10203769
1.35410388,-0.38271513,1.85366857,-0.52390885,-0.49956469,0.14119372
1.33668525,-0.24892433,1.85710856,-0.34584021,-0.52042331,0.09691588
1.24739149,-0.24878876,1.78590874,-0.35619453,-0.53851724,0.10740577
1.2597858,-0.28632396,1.79077456,-0.40700702,-0.53098875,0.12068306
1.20524477,-0.30279362,1.74445618,-0.4382597,-0.53921141,0.13546607
1.3246827,-0.38243666,1.82928628,-0.52811601,-0.50460358,0.14567935
1.27299013,-0.3079114,1.79832707,-0.43498012,-0.52533694,0.12706872
1.29989636,-0.25277277,1.82723201,-0.3553164,-0.52733564,0.10254363
1.35000971,-0.36627493,1.85274334,-0.502673,-0.50273362,0.13639807
1.32406298,-0.34350419,1.83473139,-0.47598788,-0.51066841,0.13248368
1.22315016,-0.30741086,1.75814019,-0.44186838,-0.53499003,0.13445752
1.33543267,-0.37163638,1.83987966,-0.51201849,-0.50444699,0.14038211
1.23273418,-0.2437905,1.77493078,-0.35101749,-0.54219661,0.10722699
1.30459558,-0.38574865,1.81207898,-0.53580361,-0.5074834,0.15005496
1.25843431,-0.3366797,1.78209112,-0.47677809,-0.52365681,0.14009839
0.40767065,-0.65445742,0.77049135,-1.2369146,-0.3628207,0.58245718
0.46708137,-0.61811606,0.88007667,-1.16465685,-0.4129953,0.54654079
0.38952151,-0.60212065,0.77178926,-1.19302848,-0.38226775,0.59090782
0.37164409,-0.64947289,0.71610537,-1.251442,-0.34446128,0.60196911
0.45966174,-0.64412534,0.854526,-1.19744978,-0.39486426,0.55332444
0.62411382,-0.65014493,1.07163548,-1.11633223,-0.44752166,0.4661873
0.45435765,-0.60316858,0.87031674,-1.15536232,-0.41595909,0.55219374
0.54387333,-0.84258047,0.87861578,-1.36117079,-0.33474245,0.51859033
0.40275473,-0.59930308,0.7943991,-1.18207383,-0.39164437,0.58277076
0.61640162,-0.67818783,1.0480452,-1.15309803,-0.43164358,0.4749102
0.35655191,-0.7208595,0.65612872,-1.32652947,-0.2995768,0.60566997
0.53868071,-0.81016914,0.8850567,-1.33111433,-0.34637598,0.5209452
0.41994782,-0.68798238,0.77170478,-1.26425061,-0.35175696,0.57626824
0.4117663,-0.67300255,0.76692395,-1.2534823,-0.35515765,0.58047975
0.55934478,-0.82672991,0.90595485,-1.33903094,-0.34661006,0.51230103
0.50848986,-0.67486213,0.90752253,-1.2044539,-0.39903267,0.52959176
0.53208319,-0.79395415,0.8830562,-1.31766264,-0.35097301,0.52370849
0.37470681,-0.74047181,0.67619908,-1.3362617,-0.30149227,0.59578988
0.43345,-0.68528356,0.79354419,-1.25459174,-0.36009419,0.56930818
0.4126409,-0.67446117,0.76750661,-1.25448883,-0.3548657,0.58002766
0.6337762,-0.63456491,1.09135322,-1.09271137,-0.45757702,0.45814646
0.55009523,-0.69395622,0.95441354,-1.20401192,-0.40431831,0.51005569
0.45581067,-0.80388773,0.77125034,-1.360211,-0.31543968,0.55632328
0.54365231,-0.66995998,0.95806875,-1.1806585,-0.41441644,0.51069852
0.52780466,-0.56782365,0.99408521,-1.06945834,-0.46628055,0.50163469
0.5205306,-0.63452714,0.94582836,-1.15296537,-0.42529775,0.51843823
0.42628409,-0.61610929,0.8207353,-1.18621046,-0.39445121,0.57010116
0.53262764,-0.6894495,0.93315556,-1.20790509,-0.40052792,0.51845559
0.61286528,-0.78942992,0.99196512,-1.27774728,-0.37909984,0.48831736
0.38525017,-0.67501808,0.72441619,-1.26928959,-0.33916602,0.59427151
0.57307558,-0.66215296,1.00093466,-1.15651736,-0.42785909,0.4943644
0.45684681,-0.82645395,0.76342383,-1.38106391,-0.30657702,0.55460996
0.60969482,-0.79981685,0.98341734,-1.29007781,-0.37372252,0.49026096
0.49450185,-0.79256874,0.83149031,-1.33268101,-0.33698846,0.54011227
0.56042162,-0.71145572,0.95949011,-1.21807352,-0.3990685,0.5066178
0.60259229,-0.7315327,1.00487689,-1.21989663,-0.4022846,0.48836392
0.42077781,-0.79728629,0.72236277,-1.36872696,-0.30158496,0.57144067
0.58451713,-0.6825868,1.00533586,-1.17401005,-0.42081873,0.49142325
0.53071178,-0.6075092,0.97475569,-1.11580912,-0.4440439,0.50829992
0.58917931,-0.58722964,1.06168832,-1.05817506,-0.47250901,0.47094542
0.55915471,-0.68438148,0.97129428,-1.18882271,-0.41213957,0.50444123
0.46043474,-0.6587749,0.84761636,-1.21274164,-0.38718162,0.55396674
0.52196161,-0.72089302,0.90289131,-1.24700365,-0.3809297,0.52611064
0.59840602,-0.59044008,1.07135759,-1.05709576,-0.47295158,0.46665568
0.40363613,-0.64123157,0.77148246,-1.22560611,-0.36784633,0.58437454
0.56105671,-0.73134922,0.95073788,-1.23930683,-0.38968118,0.50795761
0.45593824,-0.72985646,0.80474649,-1.28822146,-0.34880825,0.558365
0.61239216,-0.72961966,1.01828137,-1.21320643,-0.40588921,0.48358677
0.61011659,-0.70913091,1.02507728,-1.19143455,-0.41496069,0.48230364
0.51152733,-0.77822234,0.86166267,-1.31090776,-0.35013534,0.53268542
0.52873409,-0.65950078,0.94345146,-1.17678618,-0.41471736,0.51728539
0.51577899,-0.64622239,0.93290542,-1.16884244,-0.41712643,0.52262005
0.36897093,-0.69959622,0.68614087,-1.30097394,-0.31716995,0.60137772
0.37679276,-0.72336977,0.68730535,-1.31949436,-0.3105126,0.59612459
0.36343521,-0.66609165,0.6939969,-1.27193385,-0.3305617,0.6058422
0.45543736,-0.79578426,0.7741469,-1.35266443,-0.31870954,0.55688017
0.4922368,-0.80007087,0.82504819,-1.3410152,-0.33281139,0.54094433
0.62028407,-0.66480189,1.05953359,-1.13557638,-0.43924952,0.47077448
0.54549898,-0.62504074,0.98461434,-1.12818556,-0.43911536,0.50314482
0.50617227,-0.6109287,0.93944959,-1.13387625,-0.43327732,0.52294755
0.37711402,-0.69284861,0.70246537,-1.29059682,-0.32535135,0.59774821
0.57302795,-0.65147105,1.00643807,-1.14421166,-0.43341012,0.49274062
0.51507003,-0.63754667,0.93668966,-1.15942171,-0.42161963,0.52187504
0.42406885,-0.63307111,0.80759325,-1.20561544,-0.3835244,0.57254433
0.62273907,-0.67719264,1.05644322,-1.14882077,-0.43370415,0.47162813
0.60016632,-0.68535312,1.02401215,-1.16935905,-0.42384583,0.48400593
0.38146146,-0.74060535,0.68676313,-1.33334688,-0.30530167,0.59274153
0.53609347,-0.75116009,0.90782174,-1.27201597,-0.37172827,0.52085588
0.4191827,-0.66608601,0.78197231,-1.24256277,-0.36278961,0.57647676
0.4931055,-0.81108478,0.82157882,-1.35137425,-0.32847332,0.54028947
0.38452872,-0.68035309,0.72053333,-1.27485165,-0.33600461,0.59449857
0.47646025,-0.65780581,0.87136459,-1.20301472,-0.39490434,0.54520891
0.45860868,-0.81329238,0.77137442,-1.36794824,-0.31276574,0.55465586
0.51410021,-0.76797056,0.86985529,-1.29940281,-0.35575508,0.53143225
0.44993666,-0.61909433,0.85444533,-1.17568162,-0.40450867,0.55658729
0.50061388,-0.79101162,0.84076482,-1.32847843,-0.34015094,0.53746681
0.41897185,-0.65107721,0.78976219,-1.22728091,-0.37079034,0.57620371
0.38807542,-0.6674732,0.73282089,-1.26042072,-0.34474546,0.59294751
0.48264295,-0.600959,0.9123913,-1.13605671,-0.42974835,0.53509771
0.58421432,-0.81218723,0.94502944,-1.31380013,-0.36081512,0.5016129
0.4089253,-0.81867347,0.69587223,-1.39314472,-0.28694693,0.57447126
0.56440021,-0.70545368,0.96770154,-1.20954707,-0.40330134,0.50409339
0.45688528,-0.67196828,0.8353432,-1.22858881,-0.37845792,0.55662052
0.63696554,-0.72243334,1.05251755,-1.19374396,-0.41555201,0.47131063
0.57723448,-0.59229249,1.04388325,-1.07111448,-0.46664877,0.47882199
0.54604094,-0.74618539,0.92362417,-1.26216703,-0.37758323,0.51598163
0.448864,-0.79178939,0.76626359,-1.35167755,-0.3173996,0.55988815
0.53005055,-0.70085656,0.92388456,-1.22160152,-0.39383402,0.52074496
0.50100411,-0.55989216,0.962832,-1.07600332,-0.46182789,0.51611117
0.49152143,-0.5810013,0.93680752,-1.10735026,-0.44528608,0.52634896
0.54510139,-0.73349696,0.92834752,-1.24919896,-0.38324614,0.515702
0.61728391,-0.78973385,0.99748854,-1.27615583,-0.38020462,0.48642198
0.59418995,-0.81263105,0.95788845,-1.31003546,-0.3636985,0.4974044
0.44068242,-0.78408299,0.75756066,-1.34788774,-0.31687824,0.56380475
0.3950728,-0.66290258,0.74627504,-1.25219365,-0.35120224,0.58929107
0.42832352,-0.82250516,0.72327673,-1.38890072,-0.29495321,0.56639556
0.43752529,-0.62808082,0.83078771,-1.19262096,-0.39326243,0.56454014
0.61228671,-0.74371622,1.01162306,-1.22877152,-0.39933635,0.4850553
0.38814492,-0.67297641,0.73005736,-1.26579365,-0.34191244,0.59281725
0.47041359,-0.83898977,0.77788873,-1.38737634,-0.30747514,0.54838657
0.40063541,-0.59481478,0.79379115,-1.17852465,-0.39315573,0.58370986
0.51034739,-0.66990781,0.91270594,-1.19806402,-0.40235856,0.52815621
0.48457274,-0.64639808,0.88919287,-1.186143,-0.40462013,0.53974492
0.6064896,-0.62490837,1.06285203,-1.09513029,-0.45636243,0.47022192
0.4671969,-0.69789946,0.83694536,-1.25023029,-0.36974846,0.55233083
0.45522355,-0.68994411,0.82351839,-1.24813768,-0.36829484,0.55819357
0.58297724,-0.68793067,1.00067374,-1.18082509,-0.41769649,0.49289442
0.53594418,-0.69810226,0.93328098,-1.21565935,-0.3973368,0.5175571
0.56632544,-0.73165884,0.95757933,-1.23713564,-0.39125389,0.5054768
0.59867134,-0.76008759,0.98669164,-1.25272753,-0.3880203,0.49263994
0.42949812,-0.59133206,0.84042633,-1.15709711,-0.41092821,0.56576505
0.39201753,-0.760538,0.69434022,-1.34706252,-0.30232269,0.58652452
0.37719209,-0.68030088,0.70888402,-1.278538,-0.33169193,0.59823712
0.50804184,-0.74862005,0.87034281,-1.28248508,-0.36230098,0.53386504
0.41091353,-0.77731084,0.71597564,-1.35438623,-0.30506211,0.57707539
0.5259375,-0.64334368,0.94834888,-1.16005088,-0.42241138,0.5167072
0.63368955,-0.70662964,1.05585179,-1.17738437,-0.42216223,0.47075472
0.50483609,-0.73687736,0.87140803,-1.27193928,-0.36657194,0.53506192
0.48831939,-0.58805898,0.92807533,-1.11763541,-0.43975594,0.52957642
0.47216303,-0.81200143,0.79143469,-1.36106821,-0.31927165,0.54906678
0.40413862,-0.76640104,0.71039997,-1.34718941,-0.30626135,0.58078837
0.39744246,-0.61237688,0.77826436,-1.19914491,-0.3808219,0.58676803
0.64284871,-0.68326421,1.07830296,-1.14609521,-0.43545425,0.462831
0.59110194,-0.68217341,1.01401396,-1.17024378,-0.42291202,0.48807036
0.54496864,-0.68932103,0.94988668,-1.20149458,-0.40491804,0.51217355
0.48751316,-0.65052853,0.89110135,-1.18906914,-0.40358819,0.53854061
0.55174549,-0.81217139,0.9018779,-1.3275676,-0.35013242,0.51539621
0.60185642,-0.74279971,0.99869574,-1.23257122,-0.39683932,0.48977151
0.37451555,-0.72330144,0.6837311,-1.32048905,-0.30921555,0.59718762
0.44949857,-0.82021235,0.7552951,-1.37820765,-0.30579653,0.55799529
0.5135401,-0.78392228,0.86192387,-1.31573235,-0.34838377,0.53181007
0.423071,-0.79009915,0.72881641,-1.36108885,-0.30574541,0.57098971
0.43242315,-0.70960689,0.77971707,-1.27951663,-0.34729393,0.56990974
0.39995907,-0.64467992,0.76381964,-1.23117394,-0.36386057,0.58649402
0.50474098,-0.62750306,0.92803828,-1.15375386,-0.4232973,0.52625081
0.4603415,-0.59652194,0.88303338,-1.14425658,-0.42269188,0.54773464
0.49063036,-0.63468606,0.9042765,-1.1697843,-0.41364614,0.53509824
0.53877436,-0.60695979,0.98581376,-1.11057497,-0.4470394,0.50361518
0.52343244,-0.55622101,0.99530592,-1.05765331,-0.47187347,0.50143231
0.49764865,-0.76730008,0.84716174,-1.30619718,-0.34951309,0.53889711
0.5307837,-0.63506619,0.95943449,-1.14793354,-0.4286508,0.51286735
0.49497071,-0.7644167,0.84469869,-1.30452524,-0.34972798,0.54010854
0.40298882,-0.79351565,0.6971083,-1.37265927,-0.29411948,0.57914363
0.44591047,-0.57994507,0.87198962,-1.1340978,-0.42607916,0.55415273
0.37182197,-0.7096506,0.68586748,-1.30903041,-0.31404551,0.59937981
0.46405279,-0.675603,0.84390297,-1.22861751,-0.37985018,0.55301451
0.5370934,-0.75210935,0.90874115,-1.27253976,-0.37164775,0.52043042
0.48868409,-0.6278042,0.90540411,-1.16315737,-0.41672002,0.53535317
0.45548198,-0.68985082,0.82394616,-1.24790874,-0.36846419,0.55805791
0.57707161,-0.59116386,1.04430814,-1.06981043,-0.46723653,0.47864657
0.50923081,-0.79406375,0.85147666,-1.32774126,-0.34224586,0.53367751
0.44281493,-0.628556,0.83842639,-1.19010879,-0.39561146,0.56155279
0.49498461,-0.58821775,0.93728476,-1.11382763,-0.44230015,0.52560988
0.52559628,-0.79341741,0.87439937,-1.31995547,-0.34880309,0.52653806
0.51368013,-0.72456352,0.88965828,-1.25489366,-0.37597815,0.53033014
0.5857101,-0.78218502,0.95996402,-1.28198143,-0.37425391,0.49979641
0.45099064,-0.79428933,0.76830273,-1.35314264,-0.3173121,0.55885331
0.432425,-0.66762717,0.80126361,-1.2370824,-0.36883861,0.56945523
0.58931383,-0.73278089,0.98716733,-1.22749089,-0.3978535,0.49471
0.58889339,-0.59481114,1.05713905,-1.06776217,-0.46824566,0.47295103
0.53817423,-0.78458615,0.89548117,-1.30549197,-0.35730695,0.52090581
0.40325726,-0.58828528,0.80190123,-1.16984053,-0.39864397,0.58155526
0.52337703,-0.73954538,0.8958712,-1.26588933,-0.37249417,0.52634396
0.59340334,-0.73002633,0.99375722,-1.2225562,-0.40035388,0.49252987
0.43073707,-0.82452695,0.72603506,-1.38979325,-0.29529799,0.56526631
0.45093712,-0.61684889,0.85722775,-1.17262467,-0.40629064,0.55577578
0.46604942,-0.69938813,0.83452412,-1.25234843,-0.3684747,0.55296031
0.48679855,-0.70923002,0.85942314,-1.25211688,-0.37262458,0.54288687
0.6033515,-0.73718644,1.00321463,-1.22574689,-0.39986313,0.48856045
0.44473125,-0.70575587,0.80000888,-1.2695554,-0.35527763,0.56379953
0.43573396,-0.57021774,0.86294472,-1.12928172,-0.42721076,0.55906398
0.6196709,-0.70077311,1.04114143,-1.17740549,-0.42147053,0.47663238
0.58895011,-0.70070749,1.00208004,-1.1922317,-0.41312993,0.49152421
0.40165227,-0.78424548,0.69894831,-1.36473041,-0.29729605,0.58048492
0.41077345,-0.80735555,0.70319994,-1.38210583,-0.29242649,0.57475028
0.49774183,-0.65192936,0.90476109,-1.18503265,-0.40701926,0.53310329
0.37434502,-0.7659802,0.66448531,-1.35966172,-0.29014029,0.59368152
0.57376215,-0.64670361,1.00989436,-1.1382806,-0.43613221,0.49157699
0.40363171,-0.73941974,0.72172191,-1.32213452,-0.3180902,0.58271479
0.47500981,-0.61093212,0.89566436,-1.15195541,-0.42065455,0.54102329
0.57505662,-0.7630773,0.95452402,-1.26661548,-0.3794674,0.50353818
0.61770036,-0.63410895,1.07192474,-1.10039935,-0.45422438,0.4662904
0.48581046,-0.77993285,0.82474378,-1.32406528,-0.33893331,0.54413243
0.58291015,-0.76265668,0.96503046,-1.26260784,-0.38212031,0.49995116
0.55338578,-0.70645821,0.95258151,-1.21607575,-0.39919573,0.50961754
0.53200954,-0.71892929,0.91761688,-1.24001846,-0.38560734,0.52108917
0.47126054,-0.81020401,0.79089475,-1.35972791,-0.31963422,0.54952389
0.52100287,-0.56384412,0.98743465,-1.06862985,-0.46643178,0.50478573
0.4890983,-0.55308442,0.95069261,-1.07506666,-0.46159431,0.52198224
0.4967055,-0.75342429,0.85220271,-1.29265776,-0.3554972,0.53923346
0.52567671,-0.65998608,0.93903454,-1.17895601,-0.41335783,0.51896993
0.50687201,-0.63969754,0.92419518,-1.16638002,-0.41732318,0.52668249
0.50198215,-0.69207686,0.88952945,-1.22638373,-0.3875473,0.53430688
0.64086649,-0.70285585,1.06651827,-1.16967983,-0.42565178,0.46682398
0.50057667,-0.60881081,0.93293177,-1.13464925,-0.4323551,0.52583844
0.63063696,-0.65594464,1.07674009,-1.11995005,-0.44610313,0.46400541
0.52527571,-0.7271185,0.90442699,-1.2519627,-0.37915128,0.52484419
0.53362716,-0.82092291,0.8736275,-1.34397362,-0.34000034,0.52305071
0.52494642,-0.68834055,0.92324583,-1.2106141,-0.39829941,0.52227356
0.56621139,-0.64980515,0.99845752,-1.14586681,-0.43224613,0.49606167
-0.58219307,0.86395008,-0.92119906,1.36702073,0.33900598,-0.50307065
-0.6496071,0.85134084,-1.01290092,1.32745458,0.36329382,-0.47611374
-0.64003041,0.85811533,-0.99814538,1.33825493,0.35811497,-0.4801396
-0.6455564,0.83765022,-1.01329235,1.31481085,0.36773595,-0.47716063
-0.58794093,0.9264992,-0.90512165,1.42632439,0.31718072,-0.49982519
-0.6401119,0.89686661,-0.98332018,1.37773885,0.34320828,-0.48087224
-0.58170169,0.86496059,-0.92015369,1.36822137,0.338452,-0.50326077
-0.59798794,0.88171836,-0.93495751,1.37857161,0.33696956,-0.49685325
-0.54151611,0.91766461,-0.84659805,1.43466288,0.30508194,-0.51699827
-0.58781478,0.87393981,-0.92467177,1.37476549,0.33685699,-0.50082567
-0.63481402,0.86696247,-0.98805768,1.34938563,0.35324366,-0.48242317
-0.668963,0.9086478,-1.01519926,1.3789381,0.34623626,-0.4702903
-0.59484117,0.85410109,-0.94168721,1.35211903,0.34684603,-0.49801794
-0.54151961,0.86976453,-0.86461265,1.38870209,0.32309304,-0.51893756
-0.55671602,0.88360082,-0.87972898,1.39627605,0.32301296,-0.51267523
-0.63421844,0.93951582,-0.96022572,1.42245509,0.32600728,-0.48293927
-0.66158707,0.8507953,-1.0281071,1.32213692,0.36652003,-0.47134162
-0.58989917,0.97130142,-0.89198728,1.46870608,0.3020881,-0.49740467
-0.57456752,0.95701434,-0.87675909,1.46035232,0.30219157,-0.50333799
-0.56452911,0.92609053,-0.8743737,1.43437989,0.30984459,-0.50828936
-0.57409362,0.84264444,-0.91903961,1.34895005,0.34494599,-0.50630561
-0.65710314,0.89943344,-1.00378839,1.37397128,0.34668525,-0.47453784
-0.5768237,0.85429643,-0.91795196,1.35951952,0.34112826,-0.50522309
-0.59327661,0.9065732,-0.9194081,1.40492771,0.3261315,-0.49835451
-0.6586555,0.93412251,-0.99305361,1.40837468,0.33439811,-0.47425217
-0.62304623,0.94207126,-0.94503971,1.42893851,0.32199348,-0.48686726
-0.6171951,0.94415814,-0.93678525,1.43305322,0.31959015,-0.48889508
-0.59407065,0.92839958,-0.9124506,1.42595624,0.31837995,-0.49755666
-0.57559291,0.94651935,-0.88176234,1.449992,0.30616943,-0.50347266
-0.6390968,0.88041221,-0.98828347,1.36144766,0.34918667,-0.48103545
-0.54180921,0.88146619,-0.86048368,1.39991581,0.31867448,-0.51844962
-0.5307226,0.91939954,-0.83135683,1.44020451,0.30063423,-0.52080498
-0.61019287,0.97599967,-0.91674223,1.46632345,0.30654936,-0.49032378
-0.59325724,0.92851675,-0.9113465,1.42636352,0.31808925,-0.49784677
-0.64865208,0.87615212,-1.00199616,1.35342365,0.35334409,-0.47727153
-0.58761955,0.94588851,-0.89778733,1.44516417,0.31016778,-0.49927566
-0.66760041,0.87846034,-1.02483412,1.34852542,0.35723371,-0.47006508
-0.59719292,0.86184585,-0.94167437,1.35898824,0.34448145,-0.49714238
-0.56173951,0.89978586,-0.88031658,1.4100778,0.31857707,-0.51029193
-0.60868339,0.84909671,-0.96166436,1.34149551,0.35298096,-0.4923988
-0.62456026,0.86967369,-0.97392794,1.35615337,0.34936768,-0.48647968
-0.52391466,0.90925592,-0.82576183,1.43311286,0.30184718,-0.52385694
-0.55698866,0.92756177,-0.86379839,1.43849672,0.30680973,-0.51093495
-0.60790861,0.96596437,-0.9172108,1.45744433,0.3093022,-0.49147996
-0.60319268,0.9476318,-0.9174702,1.44137016,0.31427752,-0.49373836
-0.57925452,0.9292433,-0.89272225,1.43210998,0.31346773,-0.50286667
-0.63188729,0.92793303,-0.96140837,1.41183814,0.32952107,-0.48390511
-0.56457135,0.92164016,-0.87603817,1.43009729,0.31146682,-0.50845714
-0.58694629,0.87548724,-0.92293113,1.37664117,0.33598484,-0.50115393
-0.62779069,0.9711684,-0.94098923,1.45567469,0.31319855,-0.48450629
-0.64790365,0.91055887,-0.98807892,1.38863861,0.34017527,-0.47807974
-0.60137022,0.92995583,-0.92139477,1.42484015,0.32002455,-0.49488432
-0.63017142,0.82604855,-0.99857587,1.30896471,0.36840445,-0.48291616
-0.61235652,0.97107673,-0.92120567,1.46085058,0.30884914,-0.48977385
-0.64514045,0.8378555,-1.01268598,1.31519348,0.36754553,-0.47733798
-0.57297427,0.95394997,-0.87571691,1.45798889,0.30274264,-0.50403892
-0.62773725,0.85791375,-0.98260797,1.34290721,0.35487071,-0.48499346
-0.65649829,0.8650113,-1.01616655,1.3389152,0.35966826,-0.47390391
-0.60784841,0.85824458,-0.95693202,1.35112916,0.3490836,-0.49288458
-0.64249216,0.92117903,-0.9773406,1.40127104,0.33484843,-0.48009201
-0.54729617,0.92684326,-0.85107326,1.44128821,0.30377709,-0.51444495
-0.6075147,0.87961791,-0.94813614,1.37280221,0.34062144,-0.49318431
-0.63097718,0.91981648,-0.96319606,1.40411356,0.33221888,-0.48429707
-0.61841333,0.8792023,-0.96235109,1.36818087,0.34393776,-0.48897857
-0.57857022,0.95729107,-0.8819356,1.45923354,0.30336537,-0.50194246
-0.5439374,0.93981429,-0.84195981,1.45473699,0.29802241,-0.5149227
-0.60817333,0.8354719,-0.9665289,1.3277592,0.35835557,-0.4922873
-0.60010932,0.93632459,-0.91747217,1.43149212,0.31736286,-0.49516753
-0.62908751,0.87959118,-0.9758689,1.36446147,0.34678138,-0.48487029
-0.60784306,0.97648333,-0.91354356,1.46758287,0.3057005,-0.49109954
-0.61432148,0.85203645,-0.96775631,1.34223476,0.35343483,-0.49019831
-0.66331899,0.92428635,-1.00243867,1.39682474,0.33911968,-0.47253839
-0.61950487,0.85204837,-0.97441084,1.34017537,0.35490597,-0.488127
-0.64666256,0.9155028,-0.98469257,1.39406369,0.33803,-0.47856089
-0.5396846,0.88728087,-0.85539155,1.40632615,0.31570695,-0.51904527
-0.53193379,0.87208474,-0.85068937,1.3946721,0.31875558,-0.52258736
-0.62072116,0.86433134,-0.97110323,1.35222545,0.35038207,-0.48789412
-0.5937562,0.84729697,-0.94300355,1.34567698,0.34924735,-0.49838001
-0.64881112,0.91877453,-0.98620873,1.39655971,0.33739761,-0.47778518
-0.56726373,0.84066018,-0.9107834,1.3497414,0.34351967,-0.50908121
-0.59177857,0.87008507,-0.93136647,1.36937718,0.3395879,-0.4992921
-0.55398279,0.90516531,-0.86794462,1.41815481,0.31396183,-0.5129895
-0.58034213,0.93466218,-0.89221267,1.43694107,0.31187054,-0.50227888
-0.5808283,0.92853377,-0.89504926,1.4308591,0.31422096,-0.50232533
-0.65411293,0.84127807,-1.02256711,1.31516018,0.36845417,-0.47388211
-0.63137741,0.95438078,-0.95136438,1.43806836,0.31998697,-0.48368758
-0.64542635,0.94484101,-0.97256716,1.42374313,0.3271408,-0.47890212
-0.6176441,0.87117352,-0.96447508,1.36037105,0.34683098,-0.48919753
-0.5849851,0.95841827,-0.88996945,1.45809352,0.30498435,-0.49967525
-0.54177303,0.92888045,-0.8429126,1.44519013,0.30113957,-0.51630968
-0.53450128,0.92581892,-0.83417965,1.44489702,0.29967837,-0.5190781
-0.54281338,0.86616911,-0.86776908,1.38470198,0.32495569,-0.51853287
-0.52187355,0.89209758,-0.82931505,1.41764216,0.30744149,-0.52554457
-0.59866213,0.88390831,-0.93499395,1.38049305,0.33633181,-0.49658475
-0.61273322,0.96054191,-0.92530811,1.4505452,0.3125749,-0.49000328
-0.58950088,0.95154968,-0.89826556,1.44994578,0.30876468,-0.4983961
-0.62169553,0.94937803,-0.94072802,1.43656575,0.31903249,-0.48718773
-0.53312435,0.86446428,-0.85528285,1.38684619,0.3221585,-0.52238191
-0.57845458,0.97324251,-0.8763363,1.47442472,0.29788171,-0.50118221
-0.52230749,0.90563382,-0.82489068,1.43028563,0.30258319,-0.52465181
-0.62510631,0.85887037,-0.97887011,1.34492728,0.35376379,-0.48605691
-0.63301125,0.87447195,-0.98284468,1.35774854,0.34983343,-0.48327659
-0.57206235,0.88983334,-0.89779246,1.39650103,0.32573011,-0.5066677
-0.5989941,0.82101182,-0.96061689,1.31667043,0.36162279,-0.49565861
-0.67449664,0.87374518,-1.03520225,1.34100444,0.36070562,-0.46725925
-0.667043,0.88928144,-1.02002947,1.35987226,0.35298647,-0.47059082
-0.66499934,0.89303716,-1.01606629,1.36449001,0.35106695,-0.47145285
-0.64710405,0.93326505,-0.97880925,1.41165623,0.3317052,-0.47839118
-0.55468918,0.89680063,-0.87201072,1.40983417,0.31732154,-0.51303354
-0.65846684,0.95259743,-0.98628329,1.42684623,0.32781645,-0.4742488
-0.59042104,0.83867899,-0.94214305,1.3382917,0.35172201,-0.49961272
-0.55976915,0.95493235,-0.85787664,1.4634857,0.29810748,-0.50855335
-0.56083254,0.83143944,-0.90599198,1.34314152,0.34515945,-0.51170208
-0.54508669,0.88498536,-0.86356737,1.40206042,0.31848068,-0.51707506
-0.57901311,0.93337247,-0.89092387,1.4361744,0.31191075,-0.50280193
-0.5967068,0.85703629,-0.94294908,1.35433614,0.34624228,-0.49729985
-0.63444917,0.89740419,-0.97592537,1.38040928,0.3414762,-0.48300509
-0.60164763,0.96633861,-0.90897317,1.4599507,0.30732555,-0.49361209
-0.57401527,0.90385799,-0.89509973,1.40944516,0.32108446,-0.50558717
-0.54439675,0.9281253,-0.84671589,1.44353992,0.30231914,-0.51541462
-0.59309411,0.85971892,-0.93716925,1.35847268,0.34407515,-0.49875376
-0.59912339,0.94639692,-0.91261942,1.44160655,0.31349603,-0.49520963
-0.58232356,0.92019567,-0.90003649,1.42225,0.31771293,-0.50205433
-0.62371464,0.96980874,-0.93623735,1.45574772,0.31252271,-0.48593898
-0.62110588,0.93667515,-0.94447125,1.42433485,0.32336537,-0.4876597
-0.59703487,0.92396613,-0.9179204,1.42056586,0.32088553,-0.49659973
-0.55650775,0.88454833,-0.87908763,1.39727702,0.32257988,-0.51272869
-0.56048052,0.93524303,-0.86571353,1.44456856,0.30523301,-0.50932554
-0.62515288,0.88079939,-0.97037703,1.36719757,0.34522415,-0.48639818
-0.66616283,0.91832516,-1.00815915,1.38977719,0.34199632,-0.47145203
-0.55878807,0.96200016,-0.8541471,1.47048531,0.29535903,-0.50848515
-0.6390853,0.94996352,-0.96272336,1.43103288,0.32363807,-0.48106936
-0.64814997,0.91041899,-0.98844148,1.38840692,0.34029152,-0.47798793
-0.64362976,0.90268603,-0.98559739,1.38229313,0.34196763,-0.4796071
-0.60092867,0.86071687,-0.94698181,1.35637266,0.34605314,-0.49565579
-0.57767578,0.92781134,-0.89115738,1.43129754,0.3134816,-0.5034862
-0.58122163,0.9076271,-0.90320778,1.41043591,0.32198615,-0.50280881
-0.60728037,0.87255895,-0.95056893,1.36580642,0.34328856,-0.49324747
-0.66293959,0.9379118,-0.99707365,1.41063704,0.33413406,-0.47272524
-0.55192452,0.95106808,-0.8487489,1.46255139,0.29682437,-0.51148332
-0.61643802,0.85846376,-0.96792017,1.34794476,0.35148215,-0.48948099
-0.66910673,0.87448767,-1.02822963,1.34384262,0.35912291,-0.46935495
-0.59217023,0.84558612,-0.9416231,1.34458538,0.34945287,-0.49899925
-0.57637237,0.87751142,-0.9082221,1.3827437,0.33184973,-0.50523228
-0.54513778,0.91478077,-0.85252862,1.43060489,0.30739083,-0.51582413
-0.61686975,0.9332957,-0.9402363,1.42253448,0.32336655,-0.48923878
-0.66388983,0.8887071,-1.0163135,1.36047426,0.35242367,-0.47176715
-0.64371116,0.92308493,-0.97819128,1.40273103,0.33448011,-0.4796461
-0.60370612,0.83044393,-0.96281566,1.32442655,0.35910954,-0.49398263
-0.63882017,0.90367089,-0.97913484,1.38507782,0.34031466,-0.48140693
-0.53321558,0.91699644,-0.835609,1.43703691,0.30239341,-0.52004047
-0.62717226,0.83309595,-0.99186936,1.3175365,0.3646971,-0.48444056
-0.61855227,0.96290458,-0.93198347,1.45082508,0.3134312,-0.4879205
-0.52998059,0.86768052,-0.84973757,1.39118442,0.31975698,-0.5235039
-0.62078155,0.90776116,-0.95458625,1.39587963,0.3338047,-0.48811847
-0.558846,0.89425394,-0.8785313,1.40580783,0.3196853,-0.51155389
-0.60071701,0.84034668,-0.95488343,1.33579225,0.35416643,-0.49544557
-0.55126469,0.96267321,-0.84388713,1.4736796,0.29262244,-0.51100639
-0.56755383,0.86488207,-0.90146185,1.37371672,0.33390801,-0.50883465
-0.60881072,0.8409028,-0.96513848,1.33307056,0.35632776,-0.49216777
-0.61404882,0.82190065,-0.97969509,1.31131598,0.36564627,-0.48941533
-0.54388471,0.90249582,-0.85535852,1.41934031,0.31147381,-0.51684449
-0.61676702,0.96783729,-0.92799273,1.45621595,0.31122571,-0.48837866
-0.58704731,0.84188866,-0.9364158,1.34292045,0.34936848,-0.50103179
-0.6534263,0.87626083,-1.00795853,1.35169732,0.35453223,-0.47543648
-0.5746182,0.88754594,-0.90204727,1.39328755,0.32742907,-0.50574162
-0.52486988,0.92399842,-0.82174396,1.44662543,0.29687408,-0.52262701
-0.6128555,0.83208205,-0.97395409,1.3223504,0.36109859,-0.49026835
-0.58049534,0.93112805,-0.8936788,1.43348161,0.31318346,-0.50235356
-0.58310714,0.84470027,-0.93009918,1.34735966,0.34699205,-0.50265939
-0.57984549,0.96445308,-0.88115074,1.46561206,0.30130525,-0.50115899
-0.54446755,0.95564307,-0.83718339,1.46941449,0.29271584,-0.51377142
-0.53874375,0.87892515,-0.85730679,1.39863988,0.31856303,-0.51971473
-0.57928941,0.92622686,-0.89385526,1.42918677,0.31456586,-0.50295991
-0.55311141,0.86623149,-0.88162784,1.38072327,0.32851643,-0.51449178
-0.67029724,0.92039716,-1.0125633,1.39036882,0.34226606,-0.46997166
-0.53674938,0.91260281,-0.84199516,1.43159393,0.30524578,-0.51899112
-0.59428143,0.94394293,-0.90717868,1.44094171,0.31289725,-0.49699879
-0.61781519,0.94803916,-0.93621393,1.43662294,0.31839874,-0.48858378
-0.61860098,0.87749103,-0.9632528,1.36638272,0.34465182,-0.4888917
-0.52631716,0.89204574,-0.83541299,1.41592685,0.30909583,-0.52388111
-0.60788953,0.90067248,-0.94061323,1.39364871,0.33272371,-0.49297623
-0.60421777,0.96353435,-0.91326841,1.45637141,0.30905064,-0.49283706
-0.65857593,0.86645932,-1.01820264,1.33960434,0.35962672,-0.47314502
-0.53750802,0.90048986,-0.84748289,1.4197923,0.30997487,-0.51930244
-0.63957878,0.87622153,-0.99050717,1.35699267,0.35092839,-0.48077114
-0.5530611,0.87301208,-0.8789119,1.38737058,0.3258508,-0.51435851
-0.60270251,0.89583134,-0.93571002,1.39079953,0.33300752,-0.49496819
-0.55623956,0.84904729,-0.89265913,1.36256007,0.33641957,-0.51351278
-0.55324353,0.94017722,-0.85431185,1.45181009,0.30106832,-0.51163287
-0.61948815,0.86288106,-0.97009232,1.35123535,0.35060417,-0.48835429
-0.62690109,0.84856267,-0.98526546,1.33363859,0.35836437,-0.48507592
-0.53651884,0.86011475,-0.86161484,1.38128911,0.325096,-0.52117436
-0.63934841,0.83951311,-1.00471146,1.3192626,0.36536305,-0.47974949
-0.56304596,0.94442728,-0.86588622,1.45239755,0.30284027,-0.50797028
-0.57111801,0.94997528,-0.87464598,1.45485178,0.30352797,-0.5048765
-0.56855281,0.93991299,-0.87478197,1.44616107,0.30622916,-0.50624807
-0.5670931,0.87980226,-0.89503572,1.38858055,0.32794262,-0.50877829
-0.55160486,0.95306163,-0.84763288,1.46453817,0.29602802,-0.51147654
-0.54702991,0.86146893,-0.87531575,1.37845721,0.32828584,-0.51698828
